Channel ID,Channel URL,Channel title
UC-6IQO6g1NuJiaS3uTId3oQ,http://www.youtube.com/channel/UC-6IQO6g1NuJiaS3uTId3oQ,Psyphoria
UC-9b7aDP6ZN0coj9-xFnrtw,http://www.youtube.com/channel/UC-9b7aDP6ZN0coj9-xFnrtw,Astrum
UC-CSyyi47VX1lD9zyeABW3w,http://www.youtube.com/channel/UC-CSyyi47VX1lD9zyeABW3w,Dhruv Rathee
UC-aVkxFEKJYV33-dhFGHxhw,http://www.youtube.com/channel/UC-aVkxFEKJYV33-dhFGHxhw,Manik Mahna
UC-e2aGRMGMl67MDJoqcj19Q,http://www.youtube.com/channel/UC-e2aGRMGMl67MDJoqcj19Q,Eye on Tech
UC-fzWbU1zavz77kP1gPPdSg,http://www.youtube.com/channel/UC-fzWbU1zavz77kP1gPPdSg,Sports Central by DRM
UC-hKNOj4P-Y8hR9QEHpZPig,http://www.youtube.com/channel/UC-hKNOj4P-Y8hR9QEHpZPig,Bridgewater Associates
UC-tcbi9sMrIDV45hVvQXTKA,http://www.youtube.com/channel/UC-tcbi9sMrIDV45hVvQXTKA,We Study Companies
UC-uhvujip5deVcEtLxnW8qg,http://www.youtube.com/channel/UC-uhvujip5deVcEtLxnW8qg,TLDR News Global
UC0EQ6ESgYR3e_fnEeHdRZcw,http://www.youtube.com/channel/UC0EQ6ESgYR3e_fnEeHdRZcw,Siddharth Dudeja
UC0HUObs4U2xuyUQK50PLX9Q,http://www.youtube.com/channel/UC0HUObs4U2xuyUQK50PLX9Q,Pawan Please
UC0SOuDkpL6qpIF1o4wRhqRQ,http://www.youtube.com/channel/UC0SOuDkpL6qpIF1o4wRhqRQ,The Thinking Game Film 
UC0a6k1PuUJrZMJ01xg_wyHQ,http://www.youtube.com/channel/UC0a6k1PuUJrZMJ01xg_wyHQ,Inder Sahani
UC0gsMYK1dqQ5KqOQfavVNkg,http://www.youtube.com/channel/UC0gsMYK1dqQ5KqOQfavVNkg,Bangladesh Cricket : The Tigers
UC0jHyqsVKx0XokQp2h2UHsg,http://www.youtube.com/channel/UC0jHyqsVKx0XokQp2h2UHsg,Manish Chaubey
UC0p5jTq6Xx_DosDFxVXnWaQ,http://www.youtube.com/channel/UC0p5jTq6Xx_DosDFxVXnWaQ,The Economist
UC0vBXGSyV14uvJ4hECDOl0Q,http://www.youtube.com/channel/UC0vBXGSyV14uvJ4hECDOl0Q,Techquickie
UC0wOrSaO_sBGGU9Jderpk7g,http://www.youtube.com/channel/UC0wOrSaO_sBGGU9Jderpk7g,MIT Sloan Management Review
UC0yXUUIaPVAqZLgRjvtMftw,http://www.youtube.com/channel/UC0yXUUIaPVAqZLgRjvtMftw,Ravish Kumar Official
UC11O9Kt8H4O37Tfjyxz1O9Q,http://www.youtube.com/channel/UC11O9Kt8H4O37Tfjyxz1O9Q,Madhur Virli
UC11aHtNnc5bEPLI4jf6mnYg,http://www.youtube.com/channel/UC11aHtNnc5bEPLI4jf6mnYg,Predictive History
UC16niRr50-MSBwiO3YDb3RA,http://www.youtube.com/channel/UC16niRr50-MSBwiO3YDb3RA,BBC News
UC1DtEMePmr4O6F2do6BVl7A,http://www.youtube.com/channel/UC1DtEMePmr4O6F2do6BVl7A,Rahul Gandhi
UC1NF71EwP41VdjAU1iXdLkw,http://www.youtube.com/channel/UC1NF71EwP41VdjAU1iXdLkw,Narendra Modi
UC1Pf5Jnx-R42mWyk4lOTe2A,http://www.youtube.com/channel/UC1Pf5Jnx-R42mWyk4lOTe2A,Chirag Panjwani
UC1pLUC7lcKkGYhWgj4XvUsw,http://www.youtube.com/channel/UC1pLUC7lcKkGYhWgj4XvUsw,Sasha Yanshin
UC2C_jShtL725hvbm1arSV9w,http://www.youtube.com/channel/UC2C_jShtL725hvbm1arSV9w,CGP Grey
UC2Cl2g2xFTZoAEldxYVzQFg,http://www.youtube.com/channel/UC2Cl2g2xFTZoAEldxYVzQFg,Geo History
UC2L5DZOoK8PCPu1UUCev_pg,http://www.youtube.com/channel/UC2L5DZOoK8PCPu1UUCev_pg,Shyam Rangeela
UC2MHTOXktfTK26aDKyQs3cQ,http://www.youtube.com/channel/UC2MHTOXktfTK26aDKyQs3cQ,Windies Cricket
UC2S0KiGusFDXWcxwEorulsA,http://www.youtube.com/channel/UC2S0KiGusFDXWcxwEorulsA,be_a_bassi
UC2V_LHwvaNS2XWZ5l8x3jLQ,http://www.youtube.com/channel/UC2V_LHwvaNS2XWZ5l8x3jLQ,Willow by Cricbuzz
UC2kirBaXl6RIY5WALmddVEg,http://www.youtube.com/channel/UC2kirBaXl6RIY5WALmddVEg,Money Monk
UC2naOExy27J5Qz3SO-w6xkQ,http://www.youtube.com/channel/UC2naOExy27J5Qz3SO-w6xkQ,Cricket Australia
UC2t9imwIR7xlDfma3CmRKJQ,http://www.youtube.com/channel/UC2t9imwIR7xlDfma3CmRKJQ,T Sports
UC3ScyryU9Oy9Wse3a8OAmYQ,http://www.youtube.com/channel/UC3ScyryU9Oy9Wse3a8OAmYQ,FRONTLINE PBS | Official
UC3Wn3dABlgESm8Bzn8Vamgg,http://www.youtube.com/channel/UC3Wn3dABlgESm8Bzn8Vamgg,Sideprojects
UC3XTzVzaHQEd30rQbuvCtTQ,http://www.youtube.com/channel/UC3XTzVzaHQEd30rQbuvCtTQ,LastWeekTonight
UC3dtGgmaJfzWFgx7YWIUpKg,http://www.youtube.com/channel/UC3dtGgmaJfzWFgx7YWIUpKg,ESPN Australia
UC3uJIdRFTGgLWrUziaHbzrg,http://www.youtube.com/channel/UC3uJIdRFTGgLWrUziaHbzrg,NDTV Profit
UC3w193M5tYPJqF0Hi-7U-2g,http://www.youtube.com/channel/UC3w193M5tYPJqF0Hi-7U-2g,Dr. Eric Berg DC
UC3y-asHSDHBwQ2o2S6c4sxg,http://www.youtube.com/channel/UC3y-asHSDHBwQ2o2S6c4sxg,Rueben Kaduskar
UC415bOPUcGSamy543abLmRA,http://www.youtube.com/channel/UC415bOPUcGSamy543abLmRA,Cleo Abram
UC4Kb9oIZJQbOyrcE-ukV47w,http://www.youtube.com/channel/UC4Kb9oIZJQbOyrcE-ukV47w,Aurabowls
UC4QZ_LsYcvcq7qOsOhpAX4A,http://www.youtube.com/channel/UC4QZ_LsYcvcq7qOsOhpAX4A,ColdFusion
UC4Z6QzEeJCCz8BF8ghtvV6w,http://www.youtube.com/channel/UC4Z6QzEeJCCz8BF8ghtvV6w,World Knowledge Forum
UC4aTcVTewbHtLeV8eK3enwA,http://www.youtube.com/channel/UC4aTcVTewbHtLeV8eK3enwA,Munawar Faruqui
UC4dzcboWxiDQokrppUz0ZhA,http://www.youtube.com/channel/UC4dzcboWxiDQokrppUz0ZhA,Lord's Cricket Ground
UC4muYPMCSYigqIwRjVWkQ2Q,http://www.youtube.com/channel/UC4muYPMCSYigqIwRjVWkQ2Q,Abhishek Upmanyu
UC4pdLHXcLPKwfKksUnLiNIg,http://www.youtube.com/channel/UC4pdLHXcLPKwfKksUnLiNIg,Rajdeep Sardesai
UC4rlAVgAK0SGk-yTfe48Qpw,http://www.youtube.com/channel/UC4rlAVgAK0SGk-yTfe48Qpw,BRIGHT SIDE
UC4zWG9LccdWGUlF77LZ8toA,http://www.youtube.com/channel/UC4zWG9LccdWGUlF77LZ8toA,Prime Video India
UC52X5wxOL_s5yw0dQk7NtgA,http://www.youtube.com/channel/UC52X5wxOL_s5yw0dQk7NtgA,Associated Press
UC5Jnt7OgEHro3W7kr-jjCrw,http://www.youtube.com/channel/UC5Jnt7OgEHro3W7kr-jjCrw,Big Think Clips
UC5Z-C01O2VlpeD1rMs_HS2Q,http://www.youtube.com/channel/UC5Z-C01O2VlpeD1rMs_HS2Q,Good Investing Talks
UC5aNPmKYwbudeNngDMTY3lw,http://www.youtube.com/channel/UC5aNPmKYwbudeNngDMTY3lw,BNN Bloomberg
UC5jgdhwVERaowx2LvYr0j4w,http://www.youtube.com/channel/UC5jgdhwVERaowx2LvYr0j4w,Wheeler Institute for Business and Development
UC5mK0-K-r3KET0kifn-mJMg,http://www.youtube.com/channel/UC5mK0-K-r3KET0kifn-mJMg,Dr. Anil Lamba
UC6107grRI4m0o2-emgoDnAA,http://www.youtube.com/channel/UC6107grRI4m0o2-emgoDnAA,SmarterEveryDay
UC6WzPg6yxF9dQx2_O6R4lww,http://www.youtube.com/channel/UC6WzPg6yxF9dQx2_O6R4lww,Nitish Rajput
UC6ZFN9Tx6xh-skXCuRHCDpQ,http://www.youtube.com/channel/UC6ZFN9Tx6xh-skXCuRHCDpQ,PBS NewsHour
UC6n8I1UDTKP1IWjQMg6_TwA,http://www.youtube.com/channel/UC6n8I1UDTKP1IWjQMg6_TwA,The B1M
UC6o-wWU-v2ClFMwougmK7dA,http://www.youtube.com/channel/UC6o-wWU-v2ClFMwougmK7dA,BBC Politics
UC6pNCYo5yjwy6q93xDC0R0g,http://www.youtube.com/channel/UC6pNCYo5yjwy6q93xDC0R0g,Sky Sports Cricket
UC7ITT3ooYWDYY_ehIUbt6eg,http://www.youtube.com/channel/UC7ITT3ooYWDYY_ehIUbt6eg,Asian Cricket Council
UC7UFcUbAd8oyCBWCogVpJ6g,http://www.youtube.com/channel/UC7UFcUbAd8oyCBWCogVpJ6g,Bloomberg Live
UC7kCeZ53sli_9XwuQeFxLqw,http://www.youtube.com/channel/UC7kCeZ53sli_9XwuQeFxLqw,Ticker Symbol: YOU
UC7kIy8fZavEni8Gzl8NLjOQ,http://www.youtube.com/channel/UC7kIy8fZavEni8Gzl8NLjOQ,Alex O'Connor
UC7sbc0Ed3_yMu-etXVpj7cg,http://www.youtube.com/channel/UC7sbc0Ed3_yMu-etXVpj7cg,Kunal Kamra
UC8-Th83bH_thdKZDJCrn88g,http://www.youtube.com/channel/UC8-Th83bH_thdKZDJCrn88g,The Tonight Show Starring Jimmy Fallon
UC82IYb0VEPu-ADJ_47lFCJw,http://www.youtube.com/channel/UC82IYb0VEPu-ADJ_47lFCJw,Dab Xking
UC89CIRsDa_Z4mbKA1rNQB_g,http://www.youtube.com/channel/UC89CIRsDa_Z4mbKA1rNQB_g,RevSportz Hindi
UC8LUzR34nNX8KH3Edd0un1g,http://www.youtube.com/channel/UC8LUzR34nNX8KH3Edd0un1g,Rowan Cheung
UC8Lt51rjGS_RbGQsta-xiEQ,http://www.youtube.com/channel/UC8Lt51rjGS_RbGQsta-xiEQ,Nishant Suri
UC8RrHpql7M97Lqyg9J6hSww,http://www.youtube.com/channel/UC8RrHpql7M97Lqyg9J6hSww,Random Chikibum
UC8bTQzxgvKkXDAaWkeuUlkg,http://www.youtube.com/channel/UC8bTQzxgvKkXDAaWkeuUlkg,Trevor Noah
UC8f1U3h2TAcKOktgonnL0Yw,http://www.youtube.com/channel/UC8f1U3h2TAcKOktgonnL0Yw,Sky Sport NZ
UC8p1vwvWtl6T73JiExfWs1g,http://www.youtube.com/channel/UC8p1vwvWtl6T73JiExfWs1g,CBS News
UC8q382aFUrFz3yZMFQo5VVg,http://www.youtube.com/channel/UC8q382aFUrFz3yZMFQo5VVg,Azeem Banatwalla
UC8uj-UFGDzAx3RfPzeRqnyA,http://www.youtube.com/channel/UC8uj-UFGDzAx3RfPzeRqnyA,Finshots TV
UC98uYFd5PZbtYenQfrjq7oA,http://www.youtube.com/channel/UC98uYFd5PZbtYenQfrjq7oA,TechButMakeItReal
UC9CYT9gSNLevX5ey2_6CK0Q,http://www.youtube.com/channel/UC9CYT9gSNLevX5ey2_6CK0Q,NDTV India
UC9PvDFHWFdNYLPR5XP4-G6w,http://www.youtube.com/channel/UC9PvDFHWFdNYLPR5XP4-G6w,Aarthi and Sriram
UC9RZRAPdKRM91k1XwbELJEg,http://www.youtube.com/channel/UC9RZRAPdKRM91k1XwbELJEg,Alphabet Investor Relations
UC9T_qxz0g7FKhj6sXz2LKyQ,http://www.youtube.com/channel/UC9T_qxz0g7FKhj6sXz2LKyQ,The Jay Martin Show
UC9cGX5x0_EXkdfmWlvPbu3g,http://www.youtube.com/channel/UC9cGX5x0_EXkdfmWlvPbu3g,Discovery UK
UC9cn0TuPq4dnbTY-CBsm8XA,http://www.youtube.com/channel/UC9cn0TuPq4dnbTY-CBsm8XA,a16z
UC9l5bbc-S94CfORkfZXBQIg,http://www.youtube.com/channel/UC9l5bbc-S94CfORkfZXBQIg,CricketCloud
UC9mlDxY2X0D_ZCabPJCErog,http://www.youtube.com/channel/UC9mlDxY2X0D_ZCabPJCErog,Varun Nair
UC9uD-W5zQHQuAVT2GdcLCvg,http://www.youtube.com/channel/UC9uD-W5zQHQuAVT2GdcLCvg,Insider Science
UC9vsecLHNgTj-yoNumw63lQ,http://www.youtube.com/channel/UC9vsecLHNgTj-yoNumw63lQ,talkSPORT Cricket
UC9x0AN7BWHpCDHSm9NiJFJQ,http://www.youtube.com/channel/UC9x0AN7BWHpCDHSm9NiJFJQ,NetworkChuck
UCA295QVkf9O1RQ8_-s3FVXg,http://www.youtube.com/channel/UCA295QVkf9O1RQ8_-s3FVXg,Aevy TV
UCAEV5Dd-EgYGiVeggbz_KpQ,http://www.youtube.com/channel/UCAEV5Dd-EgYGiVeggbz_KpQ,Tushar Basra
UCANvymD1mu7ycm8y_klEsPA,http://www.youtube.com/channel/UCANvymD1mu7ycm8y_klEsPA,The Overlap Cricket
UCAPKFEmtca1ptADaSiwaieg,http://www.youtube.com/channel/UCAPKFEmtca1ptADaSiwaieg,Arsalan Naseer 
UCASM0cgfkJxQ1ICmRilfHLw,http://www.youtube.com/channel/UCASM0cgfkJxQ1ICmRilfHLw,Patrick Boyle
UCAY-SMFNfynqz1bdoaV8BeQ,http://www.youtube.com/channel/UCAY-SMFNfynqz1bdoaV8BeQ,NASA Goddard
UCAYum5hCyfkSH5T3vSD_kwQ,http://www.youtube.com/channel/UCAYum5hCyfkSH5T3vSD_kwQ,Aakash Gupta
UCAdNB3_kWkpGLs0aPnM0Yvw,http://www.youtube.com/channel/UCAdNB3_kWkpGLs0aPnM0Yvw,Inspirational Ideas
UCAe-PTw5vefjvVo17WxPlsg,http://www.youtube.com/channel/UCAe-PTw5vefjvVo17WxPlsg,K SPORTS HD
UCAeWdyKJXGWmVAXFpgLNNTg,http://www.youtube.com/channel/UCAeWdyKJXGWmVAXFpgLNNTg,CBS Evening News
UCAov2BBv1ZJav0c_yHEciAw,http://www.youtube.com/channel/UCAov2BBv1ZJav0c_yHEciAw,Samay Raina
UCAuUUnT6oDeKwE6v1NGQxug,http://www.youtube.com/channel/UCAuUUnT6oDeKwE6v1NGQxug,TED
UCAynY5aaB7GfF7rC4Hl1qwg,http://www.youtube.com/channel/UCAynY5aaB7GfF7rC4Hl1qwg,Top Cricket Highlights
UCAzhpt9DmG6PnHXjmJTvRGQ,http://www.youtube.com/channel/UCAzhpt9DmG6PnHXjmJTvRGQ,Federal Reserve
UCBJycsmduvYEL83R_U4JriQ,http://www.youtube.com/channel/UCBJycsmduvYEL83R_U4JriQ,Marques Brownlee
UCBLF5teKEUzTN5gZ2zgR0kQ,http://www.youtube.com/channel/UCBLF5teKEUzTN5gZ2zgR0kQ,DiscoveryChannelInd
UCBRcPFTbxrAx87BdkMucs9A,http://www.youtube.com/channel/UCBRcPFTbxrAx87BdkMucs9A,Sandipan Banerjee
UCBZQAxIn4Mxc2_P2LNsO_RA,http://www.youtube.com/channel/UCBZQAxIn4Mxc2_P2LNsO_RA,Yashraj Mukhate
UCBa659QWEk1AI4Tg--mrJ2A,http://www.youtube.com/channel/UCBa659QWEk1AI4Tg--mrJ2A,Tom Scott
UCBi2mrWuNuyYy4gbM6fU18Q,http://www.youtube.com/channel/UCBi2mrWuNuyYy4gbM6fU18Q,ABC News
UCBpYhz2nYLWulLJTTJ9cqsA,http://www.youtube.com/channel/UCBpYhz2nYLWulLJTTJ9cqsA,Pranit More Official
UCC-lyoTfSrcJzA1ab3APAgw,http://www.youtube.com/channel/UCC-lyoTfSrcJzA1ab3APAgw,LangChain
UCC3b0-JgxL1wgdJ-JOosyIw,http://www.youtube.com/channel/UCC3b0-JgxL1wgdJ-JOosyIw,Ajinkya Rahane
UCC7xhD0o7FBHdKXZxMRFspQ,http://www.youtube.com/channel/UCC7xhD0o7FBHdKXZxMRFspQ,"Mark Roussin, CPA"
UCCAcAcMcOokbNk7ih-K3B3w,http://www.youtube.com/channel/UCCAcAcMcOokbNk7ih-K3B3w,Willow Talk Cricket Podcast
UCCC4-ZHzMHUKNyDENY7Pk6Q,http://www.youtube.com/channel/UCCC4-ZHzMHUKNyDENY7Pk6Q,Only Desi
UCCLdGxMC4fwkaQ4AIcL7Z8w,http://www.youtube.com/channel/UCCLdGxMC4fwkaQ4AIcL7Z8w,A Sports
UCCXoCcu9Rp7NPbTzIvogpZg,http://www.youtube.com/channel/UCCXoCcu9Rp7NPbTzIvogpZg,Fox Business
UCCZ5wP1IUo4_r8vgEzFDpEw,http://www.youtube.com/channel/UCCZ5wP1IUo4_r8vgEzFDpEw,Durham Cricket
UCCbv0qixG-cyokxEY3kELtg,http://www.youtube.com/channel/UCCbv0qixG-cyokxEY3kELtg,TradingLab
UCChqsCRFePrP2X897iQkyAA,http://www.youtube.com/channel/UCChqsCRFePrP2X897iQkyAA,Kabita's Kitchen
UCCkQXpGUmTYGfW_oLm8T-tQ,http://www.youtube.com/channel/UCCkQXpGUmTYGfW_oLm8T-tQ,Mohit Dudeja
UCCmehQG9H9CUdCfVo-Mz_vA,http://www.youtube.com/channel/UCCmehQG9H9CUdCfVo-Mz_vA,Shubham Solanki Comedy
UCCq1xDJMBRF61kiOgU90_kw,http://www.youtube.com/channel/UCCq1xDJMBRF61kiOgU90_kw,Royal Challengers Bengaluru
UCCqIQrVd8vknHzLoYzg8OcQ,http://www.youtube.com/channel/UCCqIQrVd8vknHzLoYzg8OcQ,T Sports Bangladesh
UCD5076ivpbQQtLWAm0slj_w,http://www.youtube.com/channel/UCD5076ivpbQQtLWAm0slj_w,JRE Moments
UCD6GYvOYBBNVm1eGQKUaGCA,http://www.youtube.com/channel/UCD6GYvOYBBNVm1eGQKUaGCA,22 Minutes
UCDE7MoDdJwleaIAd3qFJF1A,http://www.youtube.com/channel/UCDE7MoDdJwleaIAd3qFJF1A,Varun Grover
UCDNNWj0oAFXngcwHAwnwP4w,http://www.youtube.com/channel/UCDNNWj0oAFXngcwHAwnwP4w,Jinvani Channel
UCDUgBJnjkswDhJfAsS4GjJg,http://www.youtube.com/channel/UCDUgBJnjkswDhJfAsS4GjJg,Kaviraj Singh
UCDgXOB9egdGU2ub9TQTSu4w,http://www.youtube.com/channel/UCDgXOB9egdGU2ub9TQTSu4w,Mumukshu Org
UCDtzR7exCkjFIn8E7DBqfIg,http://www.youtube.com/channel/UCDtzR7exCkjFIn8E7DBqfIg,MoBlack Records
UCE26JC55IT8fJUTMgXsBuZQ,http://www.youtube.com/channel/UCE26JC55IT8fJUTMgXsBuZQ,Anirban Dasgupta
UCEAZeUIeJs0IjQiqTCdVSIg,http://www.youtube.com/channel/UCEAZeUIeJs0IjQiqTCdVSIg,Yahoo Finance
UCEIwxahdLz7bap-VDs9h35A,http://www.youtube.com/channel/UCEIwxahdLz7bap-VDs9h35A,Steve Mould
UCEPWaN-XiZqEQAPiwvBa3ng,http://www.youtube.com/channel/UCEPWaN-XiZqEQAPiwvBa3ng,Tae Kim - Financial Tortoise
UCESLZhusAkFfsNsApnjF_Cg,http://www.youtube.com/channel/UCESLZhusAkFfsNsApnjF_Cg,All-In Podcast
UCESh5daDcPqvG0QhbSdzIzw,http://www.youtube.com/channel/UCESh5daDcPqvG0QhbSdzIzw,Millionaires Investment Secrets
UCE_M8A5yxnLfW0KghEeajjw,http://www.youtube.com/channel/UCE_M8A5yxnLfW0KghEeajjw,Apple
UCEiCmSMqNJ-qqeW9fEUcA4g,http://www.youtube.com/channel/UCEiCmSMqNJ-qqeW9fEUcA4g,The Grade Cricketer
UCEzB47eM-HZu04f4mB2nycg,http://www.youtube.com/channel/UCEzB47eM-HZu04f4mB2nycg,Delhi Capitals
UCF4QKhPMP1JybbkIJzIayww,http://www.youtube.com/channel/UCF4QKhPMP1JybbkIJzIayww,BBC News India
UCF8HUTbUwPKh2Q-KpGOCVGw,http://www.youtube.com/channel/UCF8HUTbUwPKh2Q-KpGOCVGw,CNBC International Live
UCFCEuCsyWP0YkP3CZ3Mr01Q,http://www.youtube.com/channel/UCFCEuCsyWP0YkP3CZ3Mr01Q,The Plain Bagel
UCFe2Kq8Hg15UomoVYdmRg_Q,http://www.youtube.com/channel/UCFe2Kq8Hg15UomoVYdmRg_Q,Socially Inept
UCFgLVT2pfhYfYOuqgt5NgUg,http://www.youtube.com/channel/UCFgLVT2pfhYfYOuqgt5NgUg,Moojo - Topic
UCFgaSzaqHMCmzGMlN2aEG9Q,http://www.youtube.com/channel/UCFgaSzaqHMCmzGMlN2aEG9Q,Angad Ranyal
UCFhXFikryT4aFcLkLw2LBLA,http://www.youtube.com/channel/UCFhXFikryT4aFcLkLw2LBLA,NileRed
UCFhk_JAfHa_ONUwUNKDtl3A,http://www.youtube.com/channel/UCFhk_JAfHa_ONUwUNKDtl3A,KuchBhiMehta
UCFtEEv80fQVKkD4h1PF-Xqw,http://www.youtube.com/channel/UCFtEEv80fQVKkD4h1PF-Xqw,Microsoft
UCGBoWe1mzCvbbqDNncmxm8A,http://www.youtube.com/channel/UCGBoWe1mzCvbbqDNncmxm8A,FINAiUS
UCGDQNvybfDDeGTf4GtigXaw,http://www.youtube.com/channel/UCGDQNvybfDDeGTf4GtigXaw,DD India
UCGHZpIpAWJQ-Jy_CeCdXhMA,http://www.youtube.com/channel/UCGHZpIpAWJQ-Jy_CeCdXhMA,Cool Worlds
UCGX7nGXpz-CmO_Arg-cgJ7A,http://www.youtube.com/channel/UCGX7nGXpz-CmO_Arg-cgJ7A,PBD Podcast
UCGYf0VFdlSTzcJghW9z1DAA,http://www.youtube.com/channel/UCGYf0VFdlSTzcJghW9z1DAA,The National News
UCGfFUc6eWxfbtjYeun6r9xg,http://www.youtube.com/channel/UCGfFUc6eWxfbtjYeun6r9xg,FloatHeadPhysics
UCGlMOIZ1A3zluwLXTGpzZfw,http://www.youtube.com/channel/UCGlMOIZ1A3zluwLXTGpzZfw,Richard J Murphy
UCGmhWgV9bmslB0Levatl6qA,http://www.youtube.com/channel/UCGmhWgV9bmslB0Levatl6qA,Harsh gujral
UCGwuxdEeCf0TIA2RbPOj-8g,http://www.youtube.com/channel/UCGwuxdEeCf0TIA2RbPOj-8g,Stanford Graduate School of Business
UCGy7SkBjcIAgTiwkXEtPnYg,http://www.youtube.com/channel/UCGy7SkBjcIAgTiwkXEtPnYg,Andrei Jikh
UCH4BNI0-FOK2dMXoFtViWHw,http://www.youtube.com/channel/UCH4BNI0-FOK2dMXoFtViWHw,Be Smart
UCH8unBDwN6xiIjae1EcKEaA,http://www.youtube.com/channel/UCH8unBDwN6xiIjae1EcKEaA,The Rundown
UCHB7C9wDcFQguDm84nh9KCw,http://www.youtube.com/channel/UCHB7C9wDcFQguDm84nh9KCw,Dhvani Bhanushali
UCHOKvQW2N4kLVhKYn2bvF7A,http://www.youtube.com/channel/UCHOKvQW2N4kLVhKYn2bvF7A,Prakhar Gupta
UCHYeaAH3D-wzQyDiXndSfMA,http://www.youtube.com/channel/UCHYeaAH3D-wzQyDiXndSfMA,Mark J Kohler
UCHd62-u_v4DvJ8TCFtpi4GA,http://www.youtube.com/channel/UCHd62-u_v4DvJ8TCFtpi4GA,Washington Post
UCHnyfMqiRRG1u-2MsSQLbXA,http://www.youtube.com/channel/UCHnyfMqiRRG1u-2MsSQLbXA,Veritasium
UCIALMKvObZNtJ6AmdCLP7Lg,http://www.youtube.com/channel/UCIALMKvObZNtJ6AmdCLP7Lg,Bloomberg Television
UCIHdDJ0tjn_3j-FS7s_X1kQ,http://www.youtube.com/channel/UCIHdDJ0tjn_3j-FS7s_X1kQ,Valuetainment
UCIPnPp27nvOVQmbmuz1ioyg,http://www.youtube.com/channel/UCIPnPp27nvOVQmbmuz1ioyg,Devesh Dixit
UCIRzxohZ6SbwsPqHFQGMJ7A,http://www.youtube.com/channel/UCIRzxohZ6SbwsPqHFQGMJ7A,Milken Institute
UCIVqN2dzuLZ991bs9gVPQUQ,http://www.youtube.com/channel/UCIVqN2dzuLZ991bs9gVPQUQ,CNN Travel
UCIf6t3gpKr_D46xuWlj9UAQ,http://www.youtube.com/channel/UCIf6t3gpKr_D46xuWlj9UAQ,Knowledge at Wharton
UCIlU5KDHKFSaebYviKfOidw,http://www.youtube.com/channel/UCIlU5KDHKFSaebYviKfOidw,Newsthink
UCIr0vkvqiYN3DGs44U5eGsw,http://www.youtube.com/channel/UCIr0vkvqiYN3DGs44U5eGsw,G‎ ‎ ‎ ‎ ‎ ‎ ‎ ‎ ‎ 
UCJA-NQ4MtcRIog66wziD8fA,http://www.youtube.com/channel/UCJA-NQ4MtcRIog66wziD8fA,Sri Lanka Cricket
UCJBprhMtYfZ1ftVw9IOmspA,http://www.youtube.com/channel/UCJBprhMtYfZ1ftVw9IOmspA,Shashi Dhiman
UCJEtD6JDgNKxcPJPBOAf-Tg,http://www.youtube.com/channel/UCJEtD6JDgNKxcPJPBOAf-Tg,NDTV Profit Markets
UCJIfeSCssxSC_Dhc5s7woww,http://www.youtube.com/channel/UCJIfeSCssxSC_Dhc5s7woww,Lex Clips
UCJQJAI7IjbLcpsjWdSzYz0Q,http://www.youtube.com/channel/UCJQJAI7IjbLcpsjWdSzYz0Q,Thu Vu
UCJS9pqu9BzkAMNTmzNMNhvg,http://www.youtube.com/channel/UCJS9pqu9BzkAMNTmzNMNhvg,Google Cloud Tech
UCJVSs3f-sSMZcIV89Xs-R4A,http://www.youtube.com/channel/UCJVSs3f-sSMZcIV89Xs-R4A,Amit Tandon
UCJXw0BFh90eeJlg3YMLYd2Q,http://www.youtube.com/channel/UCJXw0BFh90eeJlg3YMLYd2Q,Skift
UCJg9wBPyKMNA5sRDnvzmkdg,http://www.youtube.com/channel/UCJg9wBPyKMNA5sRDnvzmkdg,LiveNOW from FOX
UCJjAIBWeY022ZNj_Cp_6wAw,http://www.youtube.com/channel/UCJjAIBWeY022ZNj_Cp_6wAw,The Tesla Space
UCJoqlSf722Ao-4QR7EFRnNg,http://www.youtube.com/channel/UCJoqlSf722Ao-4QR7EFRnNg,Off the Pitch: Cricket in Conversation 
UCJrDMFOdv1I2k8n9oK_V21w,http://www.youtube.com/channel/UCJrDMFOdv1I2k8n9oK_V21w,Tips Official
UCJwKCyEIFHwUOPQQ-4kC1Zw,http://www.youtube.com/channel/UCJwKCyEIFHwUOPQQ-4kC1Zw,Tom Nash
UCK-zlnUfoDHzUwXcbddtnkg,http://www.youtube.com/channel/UCK-zlnUfoDHzUwXcbddtnkg,ARK Invest
UCK0z0_5uL7mb9IjntOKi5XQ,http://www.youtube.com/channel/UCK0z0_5uL7mb9IjntOKi5XQ,The Atlantic
UCK7tptUDHh-RYDsdxO1-5QQ,http://www.youtube.com/channel/UCK7tptUDHh-RYDsdxO1-5QQ,The Wall Street Journal
UCK8sQmJBp8GCxrOtXWBpyEA,http://www.youtube.com/channel/UCK8sQmJBp8GCxrOtXWBpyEA,Google
UCKWaEZ-_VweaEx1j62do_vQ,http://www.youtube.com/channel/UCKWaEZ-_VweaEx1j62do_vQ,IBM Technology
UCKZozRVHRYsYHGEyNKuhhdA,http://www.youtube.com/channel/UCKZozRVHRYsYHGEyNKuhhdA,Think School
UCKgAaCGmyCRKgMZD0LBvMNA,http://www.youtube.com/channel/UCKgAaCGmyCRKgMZD0LBvMNA,Appurv Gupta
UCKgJEs_v0JB-6jWb8lIy9Xw,http://www.youtube.com/channel/UCKgJEs_v0JB-6jWb8lIy9Xw,BlazeTV
UCKnNrlSJF_hWoBSz1lY_D7g,http://www.youtube.com/channel/UCKnNrlSJF_hWoBSz1lY_D7g,NOT YOUR TYPE
UCKnZHF24IV9PT0cdSdHoWug,http://www.youtube.com/channel/UCKnZHF24IV9PT0cdSdHoWug,Anubhav Singh Bassi
UCLKPca3kwwd-B59HNr-_lvA,http://www.youtube.com/channel/UCLKPca3kwwd-B59HNr-_lvA,AI Engineer
UCLLw7jmFsvfIVaUFsLs8mlQ,http://www.youtube.com/channel/UCLLw7jmFsvfIVaUFsLs8mlQ,Luke Barousse
UCLOePKjoC9qiXHMrlEhS9VQ,http://www.youtube.com/channel/UCLOePKjoC9qiXHMrlEhS9VQ,Vineeth Srinivasan
UCLSW9SNdisXSBkdMRODwLfQ,http://www.youtube.com/channel/UCLSW9SNdisXSBkdMRODwLfQ,DevForge
UCLXo7UDZvByw2ixzpQCufnA,http://www.youtube.com/channel/UCLXo7UDZvByw2ixzpQCufnA,Vox
UCLx-YFOk_NgXNG7uCXq8m5w,http://www.youtube.com/channel/UCLx-YFOk_NgXNG7uCXq8m5w,RITVIZ
UCM1guA1E-RHLO2OyfQPOkEQ,http://www.youtube.com/channel/UCM1guA1E-RHLO2OyfQPOkEQ,Stripe
UCM1uUgv6Q3lU9k52wTod92g,http://www.youtube.com/channel/UCM1uUgv6Q3lU9k52wTod92g,Last Cigarette
UCMXD80DLU-ZMB3xXjP-iKoQ,http://www.youtube.com/channel/UCMXD80DLU-ZMB3xXjP-iKoQ,Himanshu Bhardwaj
UCMdAkUOInD8GSuuacxWd-ag,http://www.youtube.com/channel/UCMdAkUOInD8GSuuacxWd-ag,Harsha Bhogle
UCMliswJ7oukCeW35GSayhRA,http://www.youtube.com/channel/UCMliswJ7oukCeW35GSayhRA,WSJ News
UCMtFAi84ehTSYSE9XoHefig,http://www.youtube.com/channel/UCMtFAi84ehTSYSE9XoHefig,The Late Show with Stephen Colbert
UCMwXzQYeZJ7ml7kQObcvXjA,http://www.youtube.com/channel/UCMwXzQYeZJ7ml7kQObcvXjA,Prateek Kuhad
UCMxJPchGLE_CJ1MJbJy-xDQ,http://www.youtube.com/channel/UCMxJPchGLE_CJ1MJbJy-xDQ,Incredible India
UCN-qfPKTQ_Wxr8vZLVfM95w,http://www.youtube.com/channel/UCN-qfPKTQ_Wxr8vZLVfM95w,FREENVESTING
UCN1jHsec7Zi0t63yq9v0GWg,http://www.youtube.com/channel/UCN1jHsec7Zi0t63yq9v0GWg,Ronny Chieng
UCNJUhkpXnF1GcItcztJM-Ww,http://www.youtube.com/channel/UCNJUhkpXnF1GcItcztJM-Ww,Karunesh Talwar
UCNJcSUSzUeFm8W9P7UUlSeQ,http://www.youtube.com/channel/UCNJcSUSzUeFm8W9P7UUlSeQ,The Viral Fever
UCNQ6FEtztATuaVhZKCY28Yw,http://www.youtube.com/channel/UCNQ6FEtztATuaVhZKCY28Yw,Chai aur Code
UCNTVzV1InxHV-YR0fSajqPQ,http://www.youtube.com/channel/UCNTVzV1InxHV-YR0fSajqPQ,Supabase
UCNZegH5HQPx_chNsPqJw1Rw,http://www.youtube.com/channel/UCNZegH5HQPx_chNsPqJw1Rw,Sleepy Science Channel
UCNqA44cRILQDwm9MG0vV-Og,http://www.youtube.com/channel/UCNqA44cRILQDwm9MG0vV-Og,Rahul Dua
UCNye-wNBqNL5ZzHSJj3l8Bg,http://www.youtube.com/channel/UCNye-wNBqNL5ZzHSJj3l8Bg,Al Jazeera English
UCNyeSfUfffmJXwA2_tmNG9A,http://www.youtube.com/channel/UCNyeSfUfffmJXwA2_tmNG9A,The Screen Patti
UCO0akufu9MOzyz3nvGIXAAw,http://www.youtube.com/channel/UCO0akufu9MOzyz3nvGIXAAw,Sky News Australia
UCO5uk6do3VZatdNxNZDfN4g,http://www.youtube.com/channel/UCO5uk6do3VZatdNxNZDfN4g,Ramya Ramapriya
UCODHrzPMGbNv67e84WDZhQQ,http://www.youtube.com/channel/UCODHrzPMGbNv67e84WDZhQQ,fern
UCOGKa4-jBxlgcrrIhzDV47w,http://www.youtube.com/channel/UCOGKa4-jBxlgcrrIhzDV47w,Austin Nasso
UCOQNJjhXwvAScuELTT_i7cQ,http://www.youtube.com/channel/UCOQNJjhXwvAScuELTT_i7cQ,Sony LIV
UCOa104QrplnxBkVnoArabwQ,http://www.youtube.com/channel/UCOa104QrplnxBkVnoArabwQ,Bloomberg New Economy
UCObk_g1hQBy0RKKriVX_zOQ,http://www.youtube.com/channel/UCObk_g1hQBy0RKKriVX_zOQ,Netflix Is A Joke
UCOkT6dccQ1vsnMFK1xJanmA,http://www.youtube.com/channel/UCOkT6dccQ1vsnMFK1xJanmA,Fox Cricket
UCOmcA3f_RrH6b9NmcNa4tdg,http://www.youtube.com/channel/UCOmcA3f_RrH6b9NmcNa4tdg,CNET
UCOrj9ffQPq0heFZoUYFTz4w,http://www.youtube.com/channel/UCOrj9ffQPq0heFZoUYFTz4w,Rohan Gupta
UCOtQWL2z-tFbI-mgy_Rpdgg,http://www.youtube.com/channel/UCOtQWL2z-tFbI-mgy_Rpdgg,Unfiltered by Samdish (and a fantastic team)
UCOu4kfKyeuZ5IibuVByvhgQ,http://www.youtube.com/channel/UCOu4kfKyeuZ5IibuVByvhgQ,Sapan Verma
UCP2gdh7HfjgCoi8lO50dA5w,http://www.youtube.com/channel/UCP2gdh7HfjgCoi8lO50dA5w,Fortune Magazine
UCP5tjEmvPItGyLhmjdwP7Ww,http://www.youtube.com/channel/UCP5tjEmvPItGyLhmjdwP7Ww,RealLifeLore
UCPLbrQwxaDanwzK0MPa5KFQ,http://www.youtube.com/channel/UCPLbrQwxaDanwzK0MPa5KFQ,Rhyme Combinator
UCP_LR4jmMZ86IouJBAygUAg,http://www.youtube.com/channel/UCP_LR4jmMZ86IouJBAygUAg,Maheep Singh
UCPe8ibo8PyIzfVNqDWXFo9w,http://www.youtube.com/channel/UCPe8ibo8PyIzfVNqDWXFo9w,Jimmy Connor 
UCPjNBjflYl0-HQtUvOx0Ibw,http://www.youtube.com/channel/UCPjNBjflYl0-HQtUvOx0Ibw,Greg Isenberg
UCPu3kR3EfUaKwOzwzgHPUOg,http://www.youtube.com/channel/UCPu3kR3EfUaKwOzwzgHPUOg,The Final Word cricket podcast
UCQ7lu5R5Py07_y5eRfKqe9g,http://www.youtube.com/channel/UCQ7lu5R5Py07_y5eRfKqe9g,Case Interview Hub
UCQIycDaLsBpMKjOCeaKUYVg,http://www.youtube.com/channel/UCQIycDaLsBpMKjOCeaKUYVg,CNBC Awaaz.
UCQXHTFnQYFTqN0MqmNh9EIA,http://www.youtube.com/channel/UCQXHTFnQYFTqN0MqmNh9EIA,BBC World Service
UCQXwgooTlP6tk2a-u6vgyUA,http://www.youtube.com/channel/UCQXwgooTlP6tk2a-u6vgyUA,Zerodha Varsity
UCQZWB6cHSUNfTqbz-R5XvcQ,http://www.youtube.com/channel/UCQZWB6cHSUNfTqbz-R5XvcQ,Cricket Mike
UCQ_jBtD8tlspQOOf4L1xPuw,http://www.youtube.com/channel/UCQ_jBtD8tlspQOOf4L1xPuw,Joseph Vincent
UCQpPo9BNwezg54N9hMFQp6Q,http://www.youtube.com/channel/UCQpPo9BNwezg54N9hMFQp6Q,Nischa
UCQzdMyuz0Lf4zo4uGcEujFw,http://www.youtube.com/channel/UCQzdMyuz0Lf4zo4uGcEujFw,GameofThrones
UCR-foyF-C6VuAlwy3KZMkgA,http://www.youtube.com/channel/UCR-foyF-C6VuAlwy3KZMkgA,Dr. Vivek Bindra: Motivational Speaker
UCR9sFzaG9Ia_kXJhfxtFMBA,http://www.youtube.com/channel/UCR9sFzaG9Ia_kXJhfxtFMBA,melodysheep
UCRAOycPjsSgcEyQcuJD_ENA,http://www.youtube.com/channel/UCRAOycPjsSgcEyQcuJD_ENA,RiskReversal Media
UCRDJea1PTGSDkt1cvkDoOhg,http://www.youtube.com/channel/UCRDJea1PTGSDkt1cvkDoOhg,Abijit Ganguly
UCRv4waLxgUN0Z-yb2I1Fq4A,http://www.youtube.com/channel/UCRv4waLxgUN0Z-yb2I1Fq4A,Nikhil Kamath Clips
UCRy5sxR9z4wqC5rwvARJVNg,http://www.youtube.com/channel/UCRy5sxR9z4wqC5rwvARJVNg,Stanford AI Club
UCRzYN32xtBf3Yxsx5BvJWJw,http://www.youtube.com/channel/UCRzYN32xtBf3Yxsx5BvJWJw,warikoo
UCSHZKyawb77ixDdsGog4iWA,http://www.youtube.com/channel/UCSHZKyawb77ixDdsGog4iWA,Lex Fridman
UCSJR7Xo2Jy4TxPDzXL_TFPA,http://www.youtube.com/channel/UCSJR7Xo2Jy4TxPDzXL_TFPA,Bruce Oxenford
UCSKEdJnMTMn-zlC-XxOLU6g,http://www.youtube.com/channel/UCSKEdJnMTMn-zlC-XxOLU6g,Haseeb Khan
UCSRQXk5yErn4e14vN76upOw,http://www.youtube.com/channel/UCSRQXk5yErn4e14vN76upOw,Cricbuzz
UCScMK5yHxdN3bbWqJVE-7SQ,http://www.youtube.com/channel/UCScMK5yHxdN3bbWqJVE-7SQ,Gautham Govindan
UCShHFwKyhcDo3g7hr4f1R8A,http://www.youtube.com/channel/UCShHFwKyhcDo3g7hr4f1R8A,World Science Festival
UCSki2tX_5kadIdz3m8Q4Fvg,http://www.youtube.com/channel/UCSki2tX_5kadIdz3m8Q4Fvg,Aditya Birla Capital
UCSq3p5NKEtyp5Rjd4ctiEbg,http://www.youtube.com/channel/UCSq3p5NKEtyp5Rjd4ctiEbg,Task & Purpose
UCT-nPlVzJI-ccQXlxjSvJmw,http://www.youtube.com/channel/UCT-nPlVzJI-ccQXlxjSvJmw,AWS Developers
UCTQa-0hkUXGzmB5nsaDz2TQ,http://www.youtube.com/channel/UCTQa-0hkUXGzmB5nsaDz2TQ,Cricket Highlights
UCTln5ss6h6L_xNfMeujfPbg,http://www.youtube.com/channel/UCTln5ss6h6L_xNfMeujfPbg,Scripps News
UCU8vqcbu1R04Wt9_sz8Fh3g,http://www.youtube.com/channel/UCU8vqcbu1R04Wt9_sz8Fh3g,fatafeat
UCUDf7h4hV1g6Qrvjt4NdrNw,http://www.youtube.com/channel/UCUDf7h4hV1g6Qrvjt4NdrNw,Oaktree Sports
UCUHW94eEFW7hkUMVaZz4eDg,http://www.youtube.com/channel/UCUHW94eEFW7hkUMVaZz4eDg,minutephysics
UCUI9vm69ZbAqRK3q3vKLWCQ,http://www.youtube.com/channel/UCUI9vm69ZbAqRK3q3vKLWCQ,Mint
UCUK8HXeI3WqXczgMkT5XUWQ,http://www.youtube.com/channel/UCUK8HXeI3WqXczgMkT5XUWQ,Nishant Tanwar
UCUMZ7gohGI9HcU9VNsr2FJQ,http://www.youtube.com/channel/UCUMZ7gohGI9HcU9VNsr2FJQ,Bloomberg Originals
UCUeZBocfxALSUdOgNJB5ySA,http://www.youtube.com/channel/UCUeZBocfxALSUdOgNJB5ySA,Dr Ben Miles
UCUrgSQ5qiwW6KRm7QflaIYA,http://www.youtube.com/channel/UCUrgSQ5qiwW6KRm7QflaIYA,Jatin Sapru
UCV4seg1O4QFHBC5jR4gpW7A,http://www.youtube.com/channel/UCV4seg1O4QFHBC5jR4gpW7A,Pratyush Chaubey
UCVFSzL3VuZKP3cN9IXdLOtw,http://www.youtube.com/channel/UCVFSzL3VuZKP3cN9IXdLOtw,Raoul Pal The Journey Man
UCVJrtQq8Wb82et0xDlZMfew,http://www.youtube.com/channel/UCVJrtQq8Wb82et0xDlZMfew,Divyadhwani Prasaaran
UCVOTBwF0vnSxMRIbfSE_K_g,http://www.youtube.com/channel/UCVOTBwF0vnSxMRIbfSE_K_g,Labour Law Advisor
UCVT1tPkR-fUVlO652EcO3ow,http://www.youtube.com/channel/UCVT1tPkR-fUVlO652EcO3ow,CBS Sunday Morning
UCVTQunGrE3p7Oq8Owao5y_Q,http://www.youtube.com/channel/UCVTQunGrE3p7Oq8Owao5y_Q,Reventure Consulting
UCVTyTA7-g9nopHeHbeuvpRA,http://www.youtube.com/channel/UCVTyTA7-g9nopHeHbeuvpRA,Late Night with Seth Meyers
UCVXCo0W9pk2dDkEBNLhTt7A,http://www.youtube.com/channel/UCVXCo0W9pk2dDkEBNLhTt7A,Sports Tak
UCVXRjwex5Y4zoPj1JXkvVCw,http://www.youtube.com/channel/UCVXRjwex5Y4zoPj1JXkvVCw,Alex Dekora
UCW39zufHfsuGgpLviKh297Q,http://www.youtube.com/channel/UCW39zufHfsuGgpLviKh297Q,DW Documentary
UCW5YeuERMmlnqo4oq8vwUpg,http://www.youtube.com/channel/UCW5YeuERMmlnqo4oq8vwUpg,Net Ninja
UCW9CXYyHdzI0w8icz4gHi3g,http://www.youtube.com/channel/UCW9CXYyHdzI0w8icz4gHi3g,Cloud Computing Insider
UCWHCXSKASuSzao_pplQ7SPw,http://www.youtube.com/channel/UCWHCXSKASuSzao_pplQ7SPw,Anant Ladha 
UCWOA1ZGywLbqmigxE4Qlvuw,http://www.youtube.com/channel/UCWOA1ZGywLbqmigxE4Qlvuw,Netflix
UCWP3K_Lfy7yc5J2Wa50RWHA,http://www.youtube.com/channel/UCWP3K_Lfy7yc5J2Wa50RWHA,Blackstone
UCWYs0WLH1efzGbp0j_cJtjQ,http://www.youtube.com/channel/UCWYs0WLH1efzGbp0j_cJtjQ,cricket.com/tv
UCWdEI-adtq0qZIHCus4-6dQ,http://www.youtube.com/channel/UCWdEI-adtq0qZIHCus4-6dQ,Pranav Sharma
UCWo4IA01TXzBeGJJKWHOG9g,http://www.youtube.com/channel/UCWo4IA01TXzBeGJJKWHOG9g,Harvard Business Review
UCWrF0oN6unbXrWsTN7RctTw,http://www.youtube.com/channel/UCWrF0oN6unbXrWsTN7RctTw,Sequoia Capital
UCX6b17PVsYBQ0ip5gyeme-Q,http://www.youtube.com/channel/UCX6b17PVsYBQ0ip5gyeme-Q,CrashCourse
UCXCG3leC3eHChlU2OPWMk_A,http://www.youtube.com/channel/UCXCG3leC3eHChlU2OPWMk_A,Punya Prasun Bajpai
UCXIJgqnII2ZOINSWNOGFThA,http://www.youtube.com/channel/UCXIJgqnII2ZOINSWNOGFThA,Fox News
UCXOgAl4w-FQero1ERbGHpXQ,http://www.youtube.com/channel/UCXOgAl4w-FQero1ERbGHpXQ,ZEE5
UCXYBKbUnYBLqEmt2rg6vNcw,http://www.youtube.com/channel/UCXYBKbUnYBLqEmt2rg6vNcw,Criczoom
UCX_hTAuxOIbl1EnLUkDBoTQ,http://www.youtube.com/channel/UCX_hTAuxOIbl1EnLUkDBoTQ,The Switch | Kevin Pietersen
UCXbKJML9pVclFHLFzpvBgWw,http://www.youtube.com/channel/UCXbKJML9pVclFHLFzpvBgWw,Markets by Zerodha
UCXuO_AmrcE16fDoNiq9JZZg,http://www.youtube.com/channel/UCXuO_AmrcE16fDoNiq9JZZg,Coke Studio India 
UCXvgguH0bhLYURuSl1TjKfA,http://www.youtube.com/channel/UCXvgguH0bhLYURuSl1TjKfA,NRI Money Clinic
UCXyowKaNIyfewFUdGyNLaMQ,http://www.youtube.com/channel/UCXyowKaNIyfewFUdGyNLaMQ,Mohsin Tv
UCY3N2mFyFf6RkaQbPdFj-dg,http://www.youtube.com/channel/UCY3N2mFyFf6RkaQbPdFj-dg,Cricket Ireland Live
UCYO_jab_esuFRV4b17AJtAw,http://www.youtube.com/channel/UCYO_jab_esuFRV4b17AJtAw,3Blue1Brown
UCYPBim2ARV9Yrqci0ljokFA,http://www.youtube.com/channel/UCYPBim2ARV9Yrqci0ljokFA,Danielle DiMartino Booth
UCYPvAwZP8pZhSMW8qs7cVCw,http://www.youtube.com/channel/UCYPvAwZP8pZhSMW8qs7cVCw,India Today
UCYQGhUClRS09PgQxQgNpASA,http://www.youtube.com/channel/UCYQGhUClRS09PgQxQgNpASA,Comedy Quickies
UCYUDN01unUhjKXOYTzxOWCA,http://www.youtube.com/channel/UCYUDN01unUhjKXOYTzxOWCA,SKAGEN Fondene
UCYbge2419-UBBDyv6frJ3jA,http://www.youtube.com/channel/UCYbge2419-UBBDyv6frJ3jA,Ashwin
UCYmFKw7swKPJiaMloRmptHw,http://www.youtube.com/channel/UCYmFKw7swKPJiaMloRmptHw,WSJ Podcasts
UCYnMzKK6hcpnlRCxGnPwk6Q,http://www.youtube.com/channel/UCYnMzKK6hcpnlRCxGnPwk6Q,Colors Cineplex
UCYxRlFDqcWM4y7FfpiAN3KQ,http://www.youtube.com/channel/UCYxRlFDqcWM4y7FfpiAN3KQ,The White House
UCZ4AMrDcNrfy3X6nsU8-rPg,http://www.youtube.com/channel/UCZ4AMrDcNrfy3X6nsU8-rPg,Economics Explained
UCZCHdQ3MmEQJ-tzIiWG1ekQ,http://www.youtube.com/channel/UCZCHdQ3MmEQJ-tzIiWG1ekQ,Sir Mix-A-Lot Rare Music
UCZFMm1mMw0F81Z37aaEzTUA,http://www.youtube.com/channel/UCZFMm1mMw0F81Z37aaEzTUA,NDTV
UCZLvnK3jlgaGazXgtAk-VPw,http://www.youtube.com/channel/UCZLvnK3jlgaGazXgtAk-VPw,Brett Lee TV
UCZSNzBgFub_WWil6TOTYwAg,http://www.youtube.com/channel/UCZSNzBgFub_WWil6TOTYwAg,Netflix India
UCZbNi5DqBvaOZygMl8HfjDQ,http://www.youtube.com/channel/UCZbNi5DqBvaOZygMl8HfjDQ,Sports Today
UCZcR2SVWaGWNlMqPxvQS3vw,http://www.youtube.com/channel/UCZcR2SVWaGWNlMqPxvQS3vw,Hard Fork
UC_-hYjoNe4PJNFa9iZ4lraA,http://www.youtube.com/channel/UC_-hYjoNe4PJNFa9iZ4lraA,Good Work
UC_6XykJOoyw-jlcbMg9lgzQ,http://www.youtube.com/channel/UC_6XykJOoyw-jlcbMg9lgzQ,Beyond23 Cricket Podcast
UC_A7K2dXFsTMAciGmnNxy-Q,http://www.youtube.com/channel/UC_A7K2dXFsTMAciGmnNxy-Q,Saregama Music
UC_JaL3CGnuqKzIDc8U3KYqA,http://www.youtube.com/channel/UC_JaL3CGnuqKzIDc8U3KYqA,sharmajikabaddabeta
UC_RovKmk0OCbuZjA8f08opw,http://www.youtube.com/channel/UC_RovKmk0OCbuZjA8f08opw,Futurepedia
UC_ShEbEw4XtzKKTEBbyIqwg,http://www.youtube.com/channel/UC_ShEbEw4XtzKKTEBbyIqwg,Groww NRI
UC_WKb6N9iTGc77hxwXLDrbA,http://www.youtube.com/channel/UC_WKb6N9iTGc77hxwXLDrbA,Sony Sports Network
UC_x5XG1OV2P6uZZ5FSM9Ttw,http://www.youtube.com/channel/UC_x5XG1OV2P6uZZ5FSM9Ttw,Google for Developers
UCa5gsGwRqlzPuaPcKK3MXSA,http://www.youtube.com/channel/UCa5gsGwRqlzPuaPcKK3MXSA,Cric-Mate Voice
UCa6vGFO9ty8v5KZJXQxdhaw,http://www.youtube.com/channel/UCa6vGFO9ty8v5KZJXQxdhaw,Jimmy Kimmel Live
UCa8dh-nmmMFy1RG_YjxAgmg,http://www.youtube.com/channel/UCa8dh-nmmMFy1RG_YjxAgmg,Alternate Abijit
UCaGTI5V64QajJ6MOMxvG7Rw,http://www.youtube.com/channel/UCaGTI5V64QajJ6MOMxvG7Rw,Tarang Hardikar
UCaPwrWiaK0VR3RNAC36Qt6A,http://www.youtube.com/channel/UCaPwrWiaK0VR3RNAC36Qt6A,Anurag Singh
UCaUr7y4F9lWGnZ0cbUZyzYA,http://www.youtube.com/channel/UCaUr7y4F9lWGnZ0cbUZyzYA,Aashish Solanki
UCaXkIU1QidjPwiAYu6GcHjg,http://www.youtube.com/channel/UCaXkIU1QidjPwiAYu6GcHjg,MS NOW
UCaiFduMjCfB7ILzL59nrHrw,http://www.youtube.com/channel/UCaiFduMjCfB7ILzL59nrHrw,Naman Jain
UCaj8NDcvhkUjxNQFJxcpvDg,http://www.youtube.com/channel/UCaj8NDcvhkUjxNQFJxcpvDg,Ravi Gupta Shorts
UCaqcvH8EvUtePORpN03jLMg,http://www.youtube.com/channel/UCaqcvH8EvUtePORpN03jLMg,Intelligence Squared
UCarz3L50VPbVhYR0A7WClLA,http://www.youtube.com/channel/UCarz3L50VPbVhYR0A7WClLA,Cricket Majestic
UCb9Cheg6Cf6r2mcsaleVx7g,http://www.youtube.com/channel/UCb9Cheg6Cf6r2mcsaleVx7g,Forbes India
UCb9DeSnrK3W8zZRAZ0IwbLA,http://www.youtube.com/channel/UCb9DeSnrK3W8zZRAZ0IwbLA,Sumit Anand
UCbAlVnKhbGLK78GsSemQXxw,http://www.youtube.com/channel/UCbAlVnKhbGLK78GsSemQXxw,Top Fives
UCbLhGKVY-bJPcawebgtNfbw,http://www.youtube.com/channel/UCbLhGKVY-bJPcawebgtNfbw,Altcoin Daily
UCbY9xX3_jW5c2fjlZVBI4cg,http://www.youtube.com/channel/UCbY9xX3_jW5c2fjlZVBI4cg,TheAIGRID
UCbnsKJ2aIL0BG6tar_f9Dlw,http://www.youtube.com/channel/UCbnsKJ2aIL0BG6tar_f9Dlw,Tickertape
UCbta0n8i6Rljh0obO7HzG9A,http://www.youtube.com/channel/UCbta0n8i6Rljh0obO7HzG9A,Joseph Carlson
UCc2WKMC77yg_VI3jgbstmDA,http://www.youtube.com/channel/UCc2WKMC77yg_VI3jgbstmDA,Jasprit Bumrah
UCcACKsXAe8ZNS29TJDdp7mw,http://www.youtube.com/channel/UCcACKsXAe8ZNS29TJDdp7mw,Green Investing
UCcKvm2VL8xTInRggo8A3alA,http://www.youtube.com/channel/UCcKvm2VL8xTInRggo8A3alA,Luke Kidgell
UCcWKHTOF8yi1_3YsNTlBGkQ,http://www.youtube.com/channel/UCcWKHTOF8yi1_3YsNTlBGkQ,APMEX
UCcabW7890RKJzL968QWEykA,http://www.youtube.com/channel/UCcabW7890RKJzL968QWEykA,CS50
UCcdCMzwxpy5XmslZQCfujwQ,http://www.youtube.com/channel/UCcdCMzwxpy5XmslZQCfujwQ,Varun Thakur
UCcefcZRL2oaA_uBNeo5UOWg,http://www.youtube.com/channel/UCcefcZRL2oaA_uBNeo5UOWg,Y Combinator
UCcf1t1tH-Pp5bmu4hbAytwA,http://www.youtube.com/channel/UCcf1t1tH-Pp5bmu4hbAytwA,Escaping Ordinary (B.C Marx) 
UCcw05gGzjLIs5dnxGkQHMvw,http://www.youtube.com/channel/UCcw05gGzjLIs5dnxGkQHMvw,Sky Sports News
UCcyq283he07B7_KUX07mmtA,http://www.youtube.com/channel/UCcyq283he07B7_KUX07mmtA,Business Insider
UCd6MoB9NC6uYN2grvUNT-Zg,http://www.youtube.com/channel/UCd6MoB9NC6uYN2grvUNT-Zg,Amazon Web Services
UCdFZnFf0nGeync5_gLJvcfg,http://www.youtube.com/channel/UCdFZnFf0nGeync5_gLJvcfg,Afghanistan Cricket Board
UCdUEJABvX8XKu3HyDSczqhA,http://www.youtube.com/channel/UCdUEJABvX8XKu3HyDSczqhA,Shashank Udupa
UCdWhdCrh_VistEU0cmeIZYQ,http://www.youtube.com/channel/UCdWhdCrh_VistEU0cmeIZYQ,Punit Pania
UCdiBqa9NjJD7z0uuto-PFJQ,http://www.youtube.com/channel/UCdiBqa9NjJD7z0uuto-PFJQ,Mohit Morani
UCdoadna9HFHsxXWhafhNvKw,http://www.youtube.com/channel/UCdoadna9HFHsxXWhafhNvKw,AWS Events
UCdsOTr6SmDrxuWE7sJFrkhQ,http://www.youtube.com/channel/UCdsOTr6SmDrxuWE7sJFrkhQ,BBC Earth Science
UCeACcxELOiQUFT6vFVhicjg,http://www.youtube.com/channel/UCeACcxELOiQUFT6vFVhicjg,Cricket with BABA
UCeJesXuEK5ERsyh-0DvM4PQ,http://www.youtube.com/channel/UCeJesXuEK5ERsyh-0DvM4PQ,The Trump Kennedy Center
UCeMcDx6-rOq_RlKSPehk2tQ,http://www.youtube.com/channel/UCeMcDx6-rOq_RlKSPehk2tQ,The Space Race
UCeP5_FL11TnvXuvrFvALJyA,http://www.youtube.com/channel/UCeP5_FL11TnvXuvrFvALJyA,Gaurav Kapoor
UCeWqACGRU5gT0BXeFhrixWA,http://www.youtube.com/channel/UCeWqACGRU5gT0BXeFhrixWA,Shoaib Akhtar
UCeY0bbntWzzVIaj2z3QigXg,http://www.youtube.com/channel/UCeY0bbntWzzVIaj2z3QigXg,NBC News
UCef1-8eOpJgud7szVPlZQAQ,http://www.youtube.com/channel/UCef1-8eOpJgud7szVPlZQAQ,CNN-News18
UCf3gO7921XD3gp5npnL05hQ,http://www.youtube.com/channel/UCf3gO7921XD3gp5npnL05hQ,The Blockchain Guy
UCfA29qhHnOQrEr7yjHsP9Jw,http://www.youtube.com/channel/UCfA29qhHnOQrEr7yjHsP9Jw,Abhisar Sharma
UCfCT7SSFEWyG4th9ZmaGYqQ,http://www.youtube.com/channel/UCfCT7SSFEWyG4th9ZmaGYqQ,Joseph Carlson After Hours
UCfXvCHeuAzcYIrR8WeHJgSw,http://www.youtube.com/channel/UCfXvCHeuAzcYIrR8WeHJgSw,S&P Global
UCfYW5GXBXueSO5p9bxD45qg,http://www.youtube.com/channel/UCfYW5GXBXueSO5p9bxD45qg,BBC Global
UCff_ZROu62eE2JiFmBvM72A,http://www.youtube.com/channel/UCff_ZROu62eE2JiFmBvM72A,Ravvi Khuraana
UCftwRNsjfRo08xYE31tkiyw,http://www.youtube.com/channel/UCftwRNsjfRo08xYE31tkiyw,WIRED
UCfzbRPUn_YvJCl6npbZKXJA,http://www.youtube.com/channel/UCfzbRPUn_YvJCl6npbZKXJA,Oaktree Capital
UCg40OxZ1GYh3u3jBntB6DLg,http://www.youtube.com/channel/UCg40OxZ1GYh3u3jBntB6DLg,Forbes Breaking News
UCgHWvBdY4Mqi6Lf2oLq4gGg,http://www.youtube.com/channel/UCgHWvBdY4Mqi6Lf2oLq4gGg,Sports Hunt
UCgkhyx72LN9xYDHF7PbNDfQ,http://www.youtube.com/channel/UCgkhyx72LN9xYDHF7PbNDfQ,Serious Varun
UCgnNMWzQxX4yxYHk6-uK-HA,http://www.youtube.com/channel/UCgnNMWzQxX4yxYHk6-uK-HA,Xtra Time
UCgrPzVyNUCP0xFykWO1ff-A,http://www.youtube.com/channel/UCgrPzVyNUCP0xFykWO1ff-A,Cricketo
UCguJ7EOi-qn4ygQW4TFeS2A,http://www.youtube.com/channel/UCguJ7EOi-qn4ygQW4TFeS2A,Aam Aadmi Party
UCguZe8Hp_8i4ELq9n3g_QcA,http://www.youtube.com/channel/UCguZe8Hp_8i4ELq9n3g_QcA,Misbah Sheikh
UCgxAV5Px6mAlbjh0-AU9xIA,http://www.youtube.com/channel/UCgxAV5Px6mAlbjh0-AU9xIA,Good Areas with Jarrod Kimber
UCh9nVJoWXmFb7sLApWGcLPQ,http://www.youtube.com/channel/UCh9nVJoWXmFb7sLApWGcLPQ,codebasics
UChF5O40UBqAc82I7-i5ig6A,http://www.youtube.com/channel/UChF5O40UBqAc82I7-i5ig6A,Bloomberg Podcasts
UChftTVI0QJmyXkajQYt2tiQ,http://www.youtube.com/channel/UChftTVI0QJmyXkajQYt2tiQ,moneycontrol
UChqUTb7kYRX8-EiaN3XFrSQ,http://www.youtube.com/channel/UChqUTb7kYRX8-EiaN3XFrSQ,Reuters
UCi66DtiKDvmW5Nwd8E-THSQ,http://www.youtube.com/channel/UCi66DtiKDvmW5Nwd8E-THSQ,AlphaStreet
UCiMg06DjcUk5FRiM3g5sqoQ,http://www.youtube.com/channel/UCiMg06DjcUk5FRiM3g5sqoQ,Centers for Disease Control and Prevention (CDC)
UCiWLfSweyRNmLpgEHekhoAg,http://www.youtube.com/channel/UCiWLfSweyRNmLpgEHekhoAg,ESPN
UCiWrjBhlICf_L_RK5y6Vrxw,http://www.youtube.com/channel/UCiWrjBhlICf_L_RK5y6Vrxw,Pakistan Cricket 
UCigUBIf-zt_DA6xyOQtq2WA,http://www.youtube.com/channel/UCigUBIf-zt_DA6xyOQtq2WA,ClearValue Tax
UCistZV5CON-fGZ2gvx7AdfA,http://www.youtube.com/channel/UCistZV5CON-fGZ2gvx7AdfA,Sine Institute of Policy & Politics
UCj07bxakzjSNSM0GRk_7KOA,http://www.youtube.com/channel/UCj07bxakzjSNSM0GRk_7KOA,Sundeep Sharma
UCj0TppyxzQWm9JbMg3CP8Rg,http://www.youtube.com/channel/UCj0TppyxzQWm9JbMg3CP8Rg,CGTN Europe
UCjByJtsFqLt_CW0lr31IvxA,http://www.youtube.com/channel/UCjByJtsFqLt_CW0lr31IvxA,All About Cricket
UCjFw-0Vdfy2KW78NClGECXw,http://www.youtube.com/channel/UCjFw-0Vdfy2KW78NClGECXw,Sports Yaari
UCjJKg01HAP01xCLVhDmnLhw,http://www.youtube.com/channel/UCjJKg01HAP01xCLVhDmnLhw,Red Chillies Entertainment
UCjSOwkYUtTDjDoPczoTv_Hw,http://www.youtube.com/channel/UCjSOwkYUtTDjDoPczoTv_Hw,Automation Helpers
UCjw9oYejjF_xupbJYrgvEMA,http://www.youtube.com/channel/UCjw9oYejjF_xupbJYrgvEMA,G2GAjay
UCk7jHqdlFFDBhC1QIFqi54w,http://www.youtube.com/channel/UCk7jHqdlFFDBhC1QIFqi54w,Chris Voss & The Black Swan Group
UCk8n46m74K5XWfdeBzOXDfA,http://www.youtube.com/channel/UCk8n46m74K5XWfdeBzOXDfA,Harvard Business School
UCk99MvmvHZutKIkh2u0ImrA,http://www.youtube.com/channel/UCk99MvmvHZutKIkh2u0ImrA,tastytrade
UCkBY0aHJP9BwjZLDYxAQrKg,http://www.youtube.com/channel/UCkBY0aHJP9BwjZLDYxAQrKg,cricket.com.au
UCkS7Vxu4PjM99w0Is6idjcg,http://www.youtube.com/channel/UCkS7Vxu4PjM99w0Is6idjcg,Zakir Khan
UCkXopQ3ubd-rnXnStZqCl2w,http://www.youtube.com/channel/UCkXopQ3ubd-rnXnStZqCl2w,Zee Business
UCkd4takjjF1EGD1TKIK2QiA,http://www.youtube.com/channel/UCkd4takjjF1EGD1TKIK2QiA,Sky Sports Cricket
UCkdnY2hNC0sdlVXPtWuNQ8g,http://www.youtube.com/channel/UCkdnY2hNC0sdlVXPtWuNQ8g,New York Times Podcasts
UCknLrEdhRCp1aegoMqRaCZg,http://www.youtube.com/channel/UCknLrEdhRCp1aegoMqRaCZg,DW News
UCkpoAEefb0lIlWefkvQTCyA,http://www.youtube.com/channel/UCkpoAEefb0lIlWefkvQTCyA,vijay yadav
UCkquFW943phrj5RbNqtqj4w,http://www.youtube.com/channel/UCkquFW943phrj5RbNqtqj4w,Ajit Anjum
UCkrwgzhIBKccuDsi_SvZtnQ,http://www.youtube.com/channel/UCkrwgzhIBKccuDsi_SvZtnQ,Forward Guidance
UCl1E5-Fm5q7VB4dKbbDyIOA,http://www.youtube.com/channel/UCl1E5-Fm5q7VB4dKbbDyIOA,Alastair
UCl23mvQ3321L7zO6JyzhVmg,http://www.youtube.com/channel/UCl23mvQ3321L7zO6JyzhVmg,Mumbai Indians
UCl8pIdFFwkevWKPxU7npUzQ,http://www.youtube.com/channel/UCl8pIdFFwkevWKPxU7npUzQ,Hoezaay
UCl9StMQ79LtEvlrskzjoYbQ,http://www.youtube.com/channel/UCl9StMQ79LtEvlrskzjoYbQ,Closer To Truth
UClBMLpP3UHXLmgEypMmXPuA,http://www.youtube.com/channel/UClBMLpP3UHXLmgEypMmXPuA,David Lin 
UClZbmi9JzfnB2CEb0fG8iew,http://www.youtube.com/channel/UClZbmi9JzfnB2CEb0fG8iew,Primal Space
UCllSh_d1Brc9PLypjhm1_YA,http://www.youtube.com/channel/UCllSh_d1Brc9PLypjhm1_YA,Swati Sachdeva
UCllx7jOjBL794FK67jtb5Og,http://www.youtube.com/channel/UCllx7jOjBL794FK67jtb5Og,Dalton + Michael
UCm1fqkJ-Tq64bQzM6VRMicQ,http://www.youtube.com/channel/UCm1fqkJ-Tq64bQzM6VRMicQ,New York Times Opinion
UCm7lHFkt2yB_WzL67aruVBQ,http://www.youtube.com/channel/UCm7lHFkt2yB_WzL67aruVBQ,Hindustan Times
UCmGSJVG3mCRXVOP4yZrU1Dw,http://www.youtube.com/channel/UCmGSJVG3mCRXVOP4yZrU1Dw,Johnny Harris
UCmHCyBKDCQk5GwJB3NvTbdw,http://www.youtube.com/channel/UCmHCyBKDCQk5GwJB3NvTbdw,Sports TV
UCmKtn_HvpfbTu3QV4lhJIMw,http://www.youtube.com/channel/UCmKtn_HvpfbTu3QV4lhJIMw,CNET Highlights
UCmRbHAgG2k2vDUvb3xsEunQ,http://www.youtube.com/channel/UCmRbHAgG2k2vDUvb3xsEunQ,CNBC-TV18
UCmSC--hJ1nrozudPzEmlYMQ,http://www.youtube.com/channel/UCmSC--hJ1nrozudPzEmlYMQ,Naalayak
UCmTM_hPCeckqN3cPWtYZZcg,http://www.youtube.com/channel/UCmTM_hPCeckqN3cPWtYZZcg,The Deshbhakt
UCmUpllWyvJ2eNCbZcNBJb4Q,http://www.youtube.com/channel/UCmUpllWyvJ2eNCbZcNBJb4Q,TIFF
UCmeiqqOmwDAlOWutTim2qog,http://www.youtube.com/channel/UCmeiqqOmwDAlOWutTim2qog,Mahika Bilala
UCmh7afBz-uWwOSSNTqUBAhg,http://www.youtube.com/channel/UCmh7afBz-uWwOSSNTqUBAhg,Forbes
UCmphmwYd7MvMecLzYzglQ-A,http://www.youtube.com/channel/UCmphmwYd7MvMecLzYzglQ-A,Shamik Chakrabarti
UCmqfX0S3x0I3uwLkPdpX03w,http://www.youtube.com/channel/UCmqfX0S3x0I3uwLkPdpX03w,Star Sports
UCms-xnI50pEtJC06xdw4J6A,http://www.youtube.com/channel/UCms-xnI50pEtJC06xdw4J6A,Wisden Cricket
UCmxGJTBHRnh96Cz8Z0aQnPQ,http://www.youtube.com/channel/UCmxGJTBHRnh96Cz8Z0aQnPQ,Ash ki Baat
UCn65Ma-zHYgnr56LPAwWDTw,http://www.youtube.com/channel/UCn65Ma-zHYgnr56LPAwWDTw,Capital.com
UCn8ujwUInbJkBhffxqAPBVQ,http://www.youtube.com/channel/UCn8ujwUInbJkBhffxqAPBVQ,Dave Ebbelaar
UCnC8SAZzQiBGYVSKZ_S3y4Q,http://www.youtube.com/channel/UCnC8SAZzQiBGYVSKZ_S3y4Q,Nikhil Kamath
UCnHcXyiovC7jLLPddc4Ezkw,http://www.youtube.com/channel/UCnHcXyiovC7jLLPddc4Ezkw,Shubham Pujari
UCnHsOl1BMHVwluVZ5vbCAmg,http://www.youtube.com/channel/UCnHsOl1BMHVwluVZ5vbCAmg,BLUSH
UCnYMOamNKLGVlJgRUbamveA,http://www.youtube.com/channel/UCnYMOamNKLGVlJgRUbamveA,Tom Bilyeu
UCnxuOd8obvLLtf5_-YKFbiQ,http://www.youtube.com/channel/UCnxuOd8obvLLtf5_-YKFbiQ,The Ezra Klein Show
UCnzTvgqX77zZBJ5mji5bi7w,http://www.youtube.com/channel/UCnzTvgqX77zZBJ5mji5bi7w,Sachin Tendulkar
UCo3V2SuKx_qA8iC2oK9iHCg,http://www.youtube.com/channel/UCo3V2SuKx_qA8iC2oK9iHCg,Vibe Bird
UCo7Tdb3WobsoO1SV377fi3g,http://www.youtube.com/channel/UCo7Tdb3WobsoO1SV377fi3g,Crypto Highlights
UCo7a6riBFJ3tkeHjvkXPn1g,http://www.youtube.com/channel/UCo7a6riBFJ3tkeHjvkXPn1g,CNBC International
UCoAkOJtcToS0piLQMO-W4uw,http://www.youtube.com/channel/UCoAkOJtcToS0piLQMO-W4uw,Atul Khatri
UCoUxsWakJucWg46KW5RsvPw,http://www.youtube.com/channel/UCoUxsWakJucWg46KW5RsvPw,Financial Times
UCoYDuEolAYsjQzzqe2dh1sg,http://www.youtube.com/channel/UCoYDuEolAYsjQzzqe2dh1sg,Beavis Wealth
UCogmKJYKgrNofjeXNXWTXSA,http://www.youtube.com/channel/UCogmKJYKgrNofjeXNXWTXSA,Club Prairie Fire
UCokeVZg4VaSLVBDiziJsMDA,http://www.youtube.com/channel/UCokeVZg4VaSLVBDiziJsMDA,Behind Asia
UColf59wNajsbBvJNI8OepQw,http://www.youtube.com/channel/UColf59wNajsbBvJNI8OepQw,REAL CRICKET
UCosrS5GfwEOXAxx2nteE6jA,http://www.youtube.com/channel/UCosrS5GfwEOXAxx2nteE6jA,Vinay Sharma
UCoz0O9z6RWoUYZQMBEhh6zw,http://www.youtube.com/channel/UCoz0O9z6RWoUYZQMBEhh6zw,The Ken
UCpV_X0VrL8-jg3t6wYGS-1g,http://www.youtube.com/channel/UCpV_X0VrL8-jg3t6wYGS-1g,1littlecoder
UCpVm7bg6pXKo1Pr6k5kxG9A,http://www.youtube.com/channel/UCpVm7bg6pXKo1Pr6k5kxG9A,National Geographic
UCpgh3p0dfB73tftHU64PYJA,http://www.youtube.com/channel/UCpgh3p0dfB73tftHU64PYJA,Mackard
UCphTF9wHwhCt-BzIq-s4V-g,http://www.youtube.com/channel/UCphTF9wHwhCt-BzIq-s4V-g,What If
UCq-Fj5jknLsUf-MWSy4_brA,http://www.youtube.com/channel/UCq-Fj5jknLsUf-MWSy4_brA,T-Series
UCq18eeL7D9Vd8DhjMcLh9QQ,http://www.youtube.com/channel/UCq18eeL7D9Vd8DhjMcLh9QQ,Good Morning Britain
UCqD1A4HwU-61yjmIk2yosNw,http://www.youtube.com/channel/UCqD1A4HwU-61yjmIk2yosNw,EPB Research
UCqGn2BxEK4TreJrJmCWAE0Q,http://www.youtube.com/channel/UCqGn2BxEK4TreJrJmCWAE0Q,Vikram Sathaye
UCqR-jmFx3Cz0Ud3YwS5h93Q,http://www.youtube.com/channel/UCqR-jmFx3Cz0Ud3YwS5h93Q,VideosH9
UCqW8jxh4tH1Z1sWPbkGWL4g,http://www.youtube.com/channel/UCqW8jxh4tH1Z1sWPbkGWL4g,Akshat Shrivastava
UCqZQJ4600a9wIfMPbYc60OQ,http://www.youtube.com/channel/UCqZQJ4600a9wIfMPbYc60OQ,Sabin Civil Engineering
UCqnbDFdCpuN8CMEg0VuEBqA,http://www.youtube.com/channel/UCqnbDFdCpuN8CMEg0VuEBqA,The New York Times
UCqoAEDirJPjEUFcF2FklnBA,http://www.youtube.com/channel/UCqoAEDirJPjEUFcF2FklnBA,StarTalk
UCqoSrYgusd8ZddtMoWhjHYA,http://www.youtube.com/channel/UCqoSrYgusd8ZddtMoWhjHYA,Schwab Network
UCqsN9MYiu1mKSAsYoF6ppTg,http://www.youtube.com/channel/UCqsN9MYiu1mKSAsYoF6ppTg,David Rubenstein
UCqvaXJ1K3HheTPNjH-KpwXQ,http://www.youtube.com/channel/UCqvaXJ1K3HheTPNjH-KpwXQ,Principles by Ray Dalio
UCqwUrj10mAEsqezcItqvwEw,http://www.youtube.com/channel/UCqwUrj10mAEsqezcItqvwEw,BB Ki Vines
UCqzK60-oUOEq36uU9B1MMUg,http://www.youtube.com/channel/UCqzK60-oUOEq36uU9B1MMUg,Julia McCoy
UCrDwWp7EBBv4NwvScIpBDOA,http://www.youtube.com/channel/UCrDwWp7EBBv4NwvScIpBDOA,Anthropic
UCrI4mJ4-vYsRUCZ8dV56u_A,http://www.youtube.com/channel/UCrI4mJ4-vYsRUCZ8dV56u_A,Dr. Richa Tiwari
UCrJYCCvJzI_eEn9HpaJRZOg,http://www.youtube.com/channel/UCrJYCCvJzI_eEn9HpaJRZOg,Citi
UCrM7B7SL_g1edFOnmj-SDKg,http://www.youtube.com/channel/UCrM7B7SL_g1edFOnmj-SDKg,Bloomberg Technology
UCrdPiSPVW0rtRsI002BX8iw,http://www.youtube.com/channel/UCrdPiSPVW0rtRsI002BX8iw,Mojo Story
UCrp_UI8XtuYfpiqluWLD7Lw,http://www.youtube.com/channel/UCrp_UI8XtuYfpiqluWLD7Lw,CNBC Television
UCru5yi7yq_Y8Q4Ye4eB0r2Q,http://www.youtube.com/channel/UCru5yi7yq_Y8Q4Ye4eB0r2Q,MHFIN
UCsAQ5Gj5G0h_inl8kEZl5Pg,http://www.youtube.com/channel/UCsAQ5Gj5G0h_inl8kEZl5Pg,In The Air & Dropped
UCsDENvnIi-0GQ5cpPmhaeWw,http://www.youtube.com/channel/UCsDENvnIi-0GQ5cpPmhaeWw,WSJ Money
UCsDTy8jvHcwMvSZf_JGi-FA,http://www.youtube.com/channel/UCsDTy8jvHcwMvSZf_JGi-FA,Abhi and Niyu
UCsDiGOSftR5pe9IPukIgcxA,http://www.youtube.com/channel/UCsDiGOSftR5pe9IPukIgcxA,Super Cricket
UCsN32BtMd0IoByjJRNF12cw,http://www.youtube.com/channel/UCsN32BtMd0IoByjJRNF12cw,60 Minutes
UCsQoiOrh7jzKmE8NBofhTnQ,http://www.youtube.com/channel/UCsQoiOrh7jzKmE8NBofhTnQ,Varun Mayya
UCsT0YIqwnpJCM-mx7-gSA4Q,http://www.youtube.com/channel/UCsT0YIqwnpJCM-mx7-gSA4Q,TEDx Talks
UCsXVk37bltHxD1rDPwtNM8Q,http://www.youtube.com/channel/UCsXVk37bltHxD1rDPwtNM8Q,Kurzgesagt – In a Nutshell
UCsooa4yRKGN_zEE8iknghZA,http://www.youtube.com/channel/UCsooa4yRKGN_zEE8iknghZA,TED-Ed
UCswF-Mg6JuPBdHHzoK9ftDQ,http://www.youtube.com/channel/UCswF-Mg6JuPBdHHzoK9ftDQ,Leadership Lessons | Big Think+
UCt2JXOLNxqry7B_4rRZME3Q,http://www.youtube.com/channel/UCt2JXOLNxqry7B_4rRZME3Q,ICC
UCt4t-jeY85JegMlZ-E5UWtA,http://www.youtube.com/channel/UCt4t-jeY85JegMlZ-E5UWtA,Aaj Tak
UCtFQDgA8J8_iiwc5-KoAQlg,http://www.youtube.com/channel/UCtFQDgA8J8_iiwc5-KoAQlg,ANI News
UCtJeOZYIfgMkqa-sLY8dusA,http://www.youtube.com/channel/UCtJeOZYIfgMkqa-sLY8dusA,Sports Edge Cricket Prediction
UCtWoDeegvTPfuuNm_ilJntg,http://www.youtube.com/channel/UCtWoDeegvTPfuuNm_ilJntg,Son Of Abish
UCtYKe7-XbaDjpUwcU5x0bLg,http://www.youtube.com/channel/UCtYKe7-XbaDjpUwcU5x0bLg,neo
UCtZNqEGzfQ6jO4SXWz51bRw,http://www.youtube.com/channel/UCtZNqEGzfQ6jO4SXWz51bRw,New York Times Events
UCth3vPTEAWOOSba6ydt0H3Q,http://www.youtube.com/channel/UCth3vPTEAWOOSba6ydt0H3Q,the old channel
UCttspZesZIDEwwpVIgoZtWQ,http://www.youtube.com/channel/UCttspZesZIDEwwpVIgoZtWQ,IndiaTV
UCuKowzPg2-A0FcmyPa3yWug,http://www.youtube.com/channel/UCuKowzPg2-A0FcmyPa3yWug,New Zealand Cricket
UCugJs2gk6B6xSq74nt-rINg,http://www.youtube.com/channel/UCugJs2gk6B6xSq74nt-rINg,Vipin Jain Shastri
UCugS0jD5IAdoqzjaNYzns7w,http://www.youtube.com/channel/UCugS0jD5IAdoqzjaNYzns7w,The Logan Bartlett Show
UCugoFvA5J4wmB5KQufS84xQ,http://www.youtube.com/channel/UCugoFvA5J4wmB5KQufS84xQ,Cricket Crazy
UCujuVKmt_utAQZJghxlRMIQ,http://www.youtube.com/channel/UCujuVKmt_utAQZJghxlRMIQ,ESPNcricinfo
UCupvZG-5ko_eiXAupbDfxWw,http://www.youtube.com/channel/UCupvZG-5ko_eiXAupbDfxWw,CNN
UCuyRsHZILrU7ZDIAbGASHdA,http://www.youtube.com/channel/UCuyRsHZILrU7ZDIAbGASHdA,ThePrint
UCuzS3rPQAYqHcLWqOFuY0pw,http://www.youtube.com/channel/UCuzS3rPQAYqHcLWqOFuY0pw,News 24
UCv4BtTHeqclK5jWEnnGjT2Q,http://www.youtube.com/channel/UCv4BtTHeqclK5jWEnnGjT2Q,800 Pound Gorilla Comedy Slices
UCvAnclelY8eSq8GyPE19KTw,http://www.youtube.com/channel/UCvAnclelY8eSq8GyPE19KTw,The National Desk
UCvC4D8onUfXzvjTOM-dBfEA,http://www.youtube.com/channel/UCvC4D8onUfXzvjTOM-dBfEA,Marvel Entertainment
UCvJJ_dzjViJCoLf5uKUTwoA,http://www.youtube.com/channel/UCvJJ_dzjViJCoLf5uKUTwoA,CNBC
UCvM5YYWwfLwpcQgbRr68JLQ,http://www.youtube.com/channel/UCvM5YYWwfLwpcQgbRr68JLQ,Adrian Twarog
UCvQECJukTDE2i6aCoMnS-Vg,http://www.youtube.com/channel/UCvQECJukTDE2i6aCoMnS-Vg,Big Think
UCvRA9_KulHHISU-ZsQC5YyQ,http://www.youtube.com/channel/UCvRA9_KulHHISU-ZsQC5YyQ,Peeyush Kumar
UCvSXMi2LebwJEM1s4bz5IBA,http://www.youtube.com/channel/UCvSXMi2LebwJEM1s4bz5IBA,New Money
UCvgMH5bd8JU_3KZ0BnBL4Vg,http://www.youtube.com/channel/UCvgMH5bd8JU_3KZ0BnBL4Vg,Rahul Subramanian
UCvheeOSbgojaLDUbXht-neQ,http://www.youtube.com/channel/UCvheeOSbgojaLDUbXht-neQ,M. V. Cunha
UCwAnu01qlnVg1Ai2AbtTMaA,http://www.youtube.com/channel/UCwAnu01qlnVg1Ai2AbtTMaA,Jeff Su
UCwCvB1YSKOzgKrchLhKuJHg,http://www.youtube.com/channel/UCwCvB1YSKOzgKrchLhKuJHg,Cricket Correspondent
UCwENH9IAiAYjNyrRIpdYfDw,http://www.youtube.com/channel/UCwENH9IAiAYjNyrRIpdYfDw,NSVN Cricket
UCwSozl89jl2zUDzQ4jGJD3g,http://www.youtube.com/channel/UCwSozl89jl2zUDzQ4jGJD3g,Skill Leap AI
UCwWhs_6x42TyRM4Wstoq8HA,http://www.youtube.com/channel/UCwWhs_6x42TyRM4Wstoq8HA,The Daily Show
UCwhB8cJTSLxyubnKSS-PLJg,http://www.youtube.com/channel/UCwhB8cJTSLxyubnKSS-PLJg,MegaLag
UCwiQNfQWsp4v4N2GRAhTAvg,http://www.youtube.com/channel/UCwiQNfQWsp4v4N2GRAhTAvg,TOI Sports
UCwiVS_UIOfT47MOHkt_Va9Q,http://www.youtube.com/channel/UCwiVS_UIOfT47MOHkt_Va9Q,JainsTV Channel
UCwlvSJdcMc7iGdR-aducSog,http://www.youtube.com/channel/UCwlvSJdcMc7iGdR-aducSog,Geopolitical Economy Report
UCwx7Y3W30N8aS_tiCy2x-2g,http://www.youtube.com/channel/UCwx7Y3W30N8aS_tiCy2x-2g,IBM Research
UCxA1hAer2OVAs0D8T4HalWQ,http://www.youtube.com/channel/UCxA1hAer2OVAs0D8T4HalWQ,2 Sloggers
UCxMDGaw3tMLHdH-ZUU4173A,http://www.youtube.com/channel/UCxMDGaw3tMLHdH-ZUU4173A,Rajat chauhan
UCxO-BtEv72vEjSZQQAQ52-w,http://www.youtube.com/channel/UCxO-BtEv72vEjSZQQAQ52-w,Apoorva Vajpayee
UCxccMFkBeBi0oaQW6WVeo4g,http://www.youtube.com/channel/UCxccMFkBeBi0oaQW6WVeo4g,CRED
UCxjylReIiUY_NSSyA31S_Rg,http://www.youtube.com/channel/UCxjylReIiUY_NSSyA31S_Rg,Mohd Suhel
UCxoz4YfS4M3H3C57FD4jW4Q,http://www.youtube.com/channel/UCxoz4YfS4M3H3C57FD4jW4Q,Science Time
UCxq8rM2kwkTSCaoKpQ-g3sw,http://www.youtube.com/channel/UCxq8rM2kwkTSCaoKpQ-g3sw,For The Love Of Cricket
UCyGR5vfdIzNj6VRY13nzO-g,http://www.youtube.com/channel/UCyGR5vfdIzNj6VRY13nzO-g,Ravi Gupta
UCyNtlmLB73-7gtlBz00XOQQ,http://www.youtube.com/channel/UCyNtlmLB73-7gtlBz00XOQQ,Folding Ideas
UCyOyIUC4bBPjNWkd5gG30TA,http://www.youtube.com/channel/UCyOyIUC4bBPjNWkd5gG30TA,Biswa Kalyan Rath
UCy_3-PVDyQBtOuCUIX23mnQ,http://www.youtube.com/channel/UCy_3-PVDyQBtOuCUIX23mnQ,Shashwat Maheshwari
UCyaN6mg5u8Cjy2ZI4ikWaug,http://www.youtube.com/channel/UCyaN6mg5u8Cjy2ZI4ikWaug,My First Million
UCye1YedIypHffYb8k6Gp9wg,http://www.youtube.com/channel/UCye1YedIypHffYb8k6Gp9wg,Alex Kantrowitz
UCyqlbzLoYtpqDXwRI9Yh5LA,http://www.youtube.com/channel/UCyqlbzLoYtpqDXwRI9Yh5LA,BWB - Business With Brian
UCyz6-taovlaOkPsPtK4KNEg,http://www.youtube.com/channel/UCyz6-taovlaOkPsPtK4KNEg,Goldman Sachs
UCz1D0n02BR3t51KuBOPmfTQ,http://www.youtube.com/channel/UCz1D0n02BR3t51KuBOPmfTQ,England & Wales Cricket Board
UCz22l7kbce-uFJAoaZqxD1A,http://www.youtube.com/channel/UCz22l7kbce-uFJAoaZqxD1A,Gaur Gopal Das
UCz4a7agVFr1TxU-mpAP8hkw,http://www.youtube.com/channel/UCz4a7agVFr1TxU-mpAP8hkw,Mohak Mangal
UCz7X7euE4cQUz-ZX8dYX1IA,http://www.youtube.com/channel/UCz7X7euE4cQUz-ZX8dYX1IA,Vimal Kumar
UCz8QaiQxApLq8sLNcszYyJw,http://www.youtube.com/channel/UCz8QaiQxApLq8sLNcszYyJw,Firstpost
UCz97F7dMxBNOfGYu3rx8aCw,http://www.youtube.com/channel/UCz97F7dMxBNOfGYu3rx8aCw,Sony Pictures Entertainment
UCzCsyvyrq38R6TnztEzOmgg,http://www.youtube.com/channel/UCzCsyvyrq38R6TnztEzOmgg,ByteMonk
UCzDE2LGSmJnw53WrZ7mM_Aw,http://www.youtube.com/channel/UCzDE2LGSmJnw53WrZ7mM_Aw,Living in China
UCzIO0iX4yKW2P4NkmmKq1PA,http://www.youtube.com/channel/UCzIO0iX4yKW2P4NkmmKq1PA,9to5Google
UCzNq9i-DlDDBLjPerVzJW-A,http://www.youtube.com/channel/UCzNq9i-DlDDBLjPerVzJW-A,Kenny Sebastian
UCzOjNeNdm-YIwDSnfnhe92w,http://www.youtube.com/channel/UCzOjNeNdm-YIwDSnfnhe92w,siddhartha shetty
UCzQUP1qoWDoEbmsQxvdjxgQ,http://www.youtube.com/channel/UCzQUP1qoWDoEbmsQxvdjxgQ,PowerfulJRE
UCzR-rom72PHN9Zg7RML9EbA,http://www.youtube.com/channel/UCzR-rom72PHN9Zg7RML9EbA,PBS Eons
UCzUYuC_9XdUUdrnyLii8WYg,http://www.youtube.com/channel/UCzUYuC_9XdUUdrnyLii8WYg,All India Bakchod
UCzevPCfP7MtRqOB0ZkU5cwg,http://www.youtube.com/channel/UCzevPCfP7MtRqOB0ZkU5cwg,Cricket South Africa
UCznv7Vf9nBdJYvBagFdAHWw,http://www.youtube.com/channel/UCznv7Vf9nBdJYvBagFdAHWw,Tim Ferriss
UCzvD20l0klshi40b3pKe-wQ,http://www.youtube.com/channel/UCzvD20l0klshi40b3pKe-wQ,aiart





